doenca,doenca_nome,cod_mun6,municipio,uf,ano,casos
DIFT,Difteria,120020,Cruzeiro do Sul,AC,2007,0
DIFT,Difteria,120020,Cruzeiro do Sul,AC,2008,0
DIFT,Difteria,120020,Cruzeiro do Sul,AC,2009,0
DIFT,Difteria,120020,Cruzeiro do Sul,AC,2010,0
DIFT,Difteria,120020,Cruzeiro do Sul,AC,2011,0
DIFT,Difteria,120020,Cruzeiro do Sul,AC,2013,0
DIFT,Difteria,120020,Cruzeiro do Sul,AC,2014,0
DIFT,Difteria,120020,Cruzeiro do Sul,AC,2015,0
DIFT,Difteria,120020,Cruzeiro do Sul,AC,2016,0
DIFT,Difteria,120020,Cruzeiro do Sul,AC,2017,1
DIFT,Difteria,120020,Cruzeiro do Sul,AC,2018,0
DIFT,Difteria,120020,Cruzeiro do Sul,AC,2019,0
DIFT,Difteria,120020,Cruzeiro do Sul,AC,2020,0
DIFT,Difteria,120020,Cruzeiro do Sul,AC,2021,0
DIFT,Difteria,120020,Cruzeiro do Sul,AC,2022,0
DIFT,Difteria,120020,Cruzeiro do Sul,AC,2023,0
DIFT,Difteria,120020,Cruzeiro do Sul,AC,2024,0
DIFT,Difteria,120020,Cruzeiro do Sul,AC,2025,0
DIFT,Difteria,120020,Cruzeiro do Sul,AC,2026,0
DIFT,Difteria,120040,Rio Branco,AC,2007,0
DIFT,Difteria,120040,Rio Branco,AC,2008,0
DIFT,Difteria,120040,Rio Branco,AC,2009,0
DIFT,Difteria,120040,Rio Branco,AC,2010,0
DIFT,Difteria,120040,Rio Branco,AC,2011,0
DIFT,Difteria,120040,Rio Branco,AC,2013,0
DIFT,Difteria,120040,Rio Branco,AC,2014,1
DIFT,Difteria,120040,Rio Branco,AC,2015,1
DIFT,Difteria,120040,Rio Branco,AC,2016,0
DIFT,Difteria,120040,Rio Branco,AC,2017,0
DIFT,Difteria,120040,Rio Branco,AC,2018,0
DIFT,Difteria,120040,Rio Branco,AC,2019,0
DIFT,Difteria,120040,Rio Branco,AC,2020,0
DIFT,Difteria,120040,Rio Branco,AC,2021,0
DIFT,Difteria,120040,Rio Branco,AC,2022,0
DIFT,Difteria,120040,Rio Branco,AC,2023,0
DIFT,Difteria,120040,Rio Branco,AC,2024,0
DIFT,Difteria,120040,Rio Branco,AC,2025,0
DIFT,Difteria,120040,Rio Branco,AC,2026,0
DIFT,Difteria,270430,Maceio,AL,2007,2
DIFT,Difteria,270430,Maceio,AL,2008,0
DIFT,Difteria,270430,Maceio,AL,2009,0
DIFT,Difteria,270430,Maceio,AL,2010,0
DIFT,Difteria,270430,Maceio,AL,2011,0
DIFT,Difteria,270430,Maceio,AL,2013,0
DIFT,Difteria,270430,Maceio,AL,2014,0
DIFT,Difteria,270430,Maceio,AL,2015,0
DIFT,Difteria,270430,Maceio,AL,2016,0
DIFT,Difteria,270430,Maceio,AL,2017,0
DIFT,Difteria,270430,Maceio,AL,2018,0
DIFT,Difteria,270430,Maceio,AL,2019,0
DIFT,Difteria,270430,Maceio,AL,2020,0
DIFT,Difteria,270430,Maceio,AL,2021,0
DIFT,Difteria,270430,Maceio,AL,2022,0
DIFT,Difteria,270430,Maceio,AL,2023,0
DIFT,Difteria,270430,Maceio,AL,2024,0
DIFT,Difteria,270430,Maceio,AL,2025,0
DIFT,Difteria,270430,Maceio,AL,2026,0
DIFT,Difteria,130260,Manaus,AM,2007,1
DIFT,Difteria,130260,Manaus,AM,2008,0
DIFT,Difteria,130260,Manaus,AM,2009,0
DIFT,Difteria,130260,Manaus,AM,2010,1
DIFT,Difteria,130260,Manaus,AM,2011,0
DIFT,Difteria,130260,Manaus,AM,2013,0
DIFT,Difteria,130260,Manaus,AM,2014,0
DIFT,Difteria,130260,Manaus,AM,2015,0
DIFT,Difteria,130260,Manaus,AM,2016,0
DIFT,Difteria,130260,Manaus,AM,2017,0
DIFT,Difteria,130260,Manaus,AM,2018,0
DIFT,Difteria,130260,Manaus,AM,2019,0
DIFT,Difteria,130260,Manaus,AM,2020,0
DIFT,Difteria,130260,Manaus,AM,2021,0
DIFT,Difteria,130260,Manaus,AM,2022,0
DIFT,Difteria,130260,Manaus,AM,2023,0
DIFT,Difteria,130260,Manaus,AM,2024,0
DIFT,Difteria,130260,Manaus,AM,2025,0
DIFT,Difteria,130260,Manaus,AM,2026,0
DIFT,Difteria,230430,Farias Brito,CE,2007,0
DIFT,Difteria,230430,Farias Brito,CE,2008,0
DIFT,Difteria,230430,Farias Brito,CE,2009,0
DIFT,Difteria,230430,Farias Brito,CE,2010,0
DIFT,Difteria,230430,Farias Brito,CE,2011,0
DIFT,Difteria,230430,Farias Brito,CE,2013,0
DIFT,Difteria,230430,Farias Brito,CE,2014,0
DIFT,Difteria,230430,Farias Brito,CE,2015,0
DIFT,Difteria,230430,Farias Brito,CE,2016,0
DIFT,Difteria,230430,Farias Brito,CE,2017,0
DIFT,Difteria,230430,Farias Brito,CE,2018,0
DIFT,Difteria,230430,Farias Brito,CE,2019,0
DIFT,Difteria,230430,Farias Brito,CE,2020,1
DIFT,Difteria,230430,Farias Brito,CE,2021,0
DIFT,Difteria,230430,Farias Brito,CE,2022,0
DIFT,Difteria,230430,Farias Brito,CE,2023,0
DIFT,Difteria,230430,Farias Brito,CE,2024,0
DIFT,Difteria,230430,Farias Brito,CE,2025,0
DIFT,Difteria,230430,Farias Brito,CE,2026,0
DIFT,Difteria,530010,Brasilia,DF,2007,0
DIFT,Difteria,530010,Brasilia,DF,2008,0
DIFT,Difteria,530010,Brasilia,DF,2009,1
DIFT,Difteria,530010,Brasilia,DF,2010,0
DIFT,Difteria,530010,Brasilia,DF,2011,0
DIFT,Difteria,530010,Brasilia,DF,2013,0
DIFT,Difteria,530010,Brasilia,DF,2014,0
DIFT,Difteria,530010,Brasilia,DF,2015,0
DIFT,Difteria,530010,Brasilia,DF,2016,0
DIFT,Difteria,530010,Brasilia,DF,2017,0
DIFT,Difteria,530010,Brasilia,DF,2018,0
DIFT,Difteria,530010,Brasilia,DF,2019,0
DIFT,Difteria,530010,Brasilia,DF,2020,0
DIFT,Difteria,530010,Brasilia,DF,2021,0
DIFT,Difteria,530010,Brasilia,DF,2022,0
DIFT,Difteria,530010,Brasilia,DF,2023,0
DIFT,Difteria,530010,Brasilia,DF,2024,0
DIFT,Difteria,530010,Brasilia,DF,2025,0
DIFT,Difteria,530010,Brasilia,DF,2026,0
DIFT,Difteria,320280,Itapemirim,ES,2007,0
DIFT,Difteria,320280,Itapemirim,ES,2008,0
DIFT,Difteria,320280,Itapemirim,ES,2009,0
DIFT,Difteria,320280,Itapemirim,ES,2010,0
DIFT,Difteria,320280,Itapemirim,ES,2011,0
DIFT,Difteria,320280,Itapemirim,ES,2013,0
DIFT,Difteria,320280,Itapemirim,ES,2014,1
DIFT,Difteria,320280,Itapemirim,ES,2015,0
DIFT,Difteria,320280,Itapemirim,ES,2016,0
DIFT,Difteria,320280,Itapemirim,ES,2017,0
DIFT,Difteria,320280,Itapemirim,ES,2018,0
DIFT,Difteria,320280,Itapemirim,ES,2019,0
DIFT,Difteria,320280,Itapemirim,ES,2020,0
DIFT,Difteria,320280,Itapemirim,ES,2021,0
DIFT,Difteria,320280,Itapemirim,ES,2022,0
DIFT,Difteria,320280,Itapemirim,ES,2023,0
DIFT,Difteria,320280,Itapemirim,ES,2024,0
DIFT,Difteria,320280,Itapemirim,ES,2025,0
DIFT,Difteria,320280,Itapemirim,ES,2026,0
DIFT,Difteria,320530,Vitoria,ES,2007,0
DIFT,Difteria,320530,Vitoria,ES,2008,0
DIFT,Difteria,320530,Vitoria,ES,2009,0
DIFT,Difteria,320530,Vitoria,ES,2010,0
DIFT,Difteria,320530,Vitoria,ES,2011,0
DIFT,Difteria,320530,Vitoria,ES,2013,0
DIFT,Difteria,320530,Vitoria,ES,2014,0
DIFT,Difteria,320530,Vitoria,ES,2015,0
DIFT,Difteria,320530,Vitoria,ES,2016,0
DIFT,Difteria,320530,Vitoria,ES,2017,0
DIFT,Difteria,320530,Vitoria,ES,2018,0
DIFT,Difteria,320530,Vitoria,ES,2019,0
DIFT,Difteria,320530,Vitoria,ES,2020,0
DIFT,Difteria,320530,Vitoria,ES,2021,0
DIFT,Difteria,320530,Vitoria,ES,2022,0
DIFT,Difteria,320530,Vitoria,ES,2023,0
DIFT,Difteria,320530,Vitoria,ES,2024,1
DIFT,Difteria,320530,Vitoria,ES,2025,0
DIFT,Difteria,320530,Vitoria,ES,2026,0
DIFT,Difteria,521930,Santa Helena de Goias,GO,2007,0
DIFT,Difteria,521930,Santa Helena de Goias,GO,2008,0
DIFT,Difteria,521930,Santa Helena de Goias,GO,2009,0
DIFT,Difteria,521930,Santa Helena de Goias,GO,2010,0
DIFT,Difteria,521930,Santa Helena de Goias,GO,2011,0
DIFT,Difteria,521930,Santa Helena de Goias,GO,2013,0
DIFT,Difteria,521930,Santa Helena de Goias,GO,2014,0
DIFT,Difteria,521930,Santa Helena de Goias,GO,2015,0
DIFT,Difteria,521930,Santa Helena de Goias,GO,2016,0
DIFT,Difteria,521930,Santa Helena de Goias,GO,2017,0
DIFT,Difteria,521930,Santa Helena de Goias,GO,2018,0
DIFT,Difteria,521930,Santa Helena de Goias,GO,2019,0
DIFT,Difteria,521930,Santa Helena de Goias,GO,2020,0
DIFT,Difteria,521930,Santa Helena de Goias,GO,2021,0
DIFT,Difteria,521930,Santa Helena de Goias,GO,2022,1
DIFT,Difteria,521930,Santa Helena de Goias,GO,2023,0
DIFT,Difteria,521930,Santa Helena de Goias,GO,2024,0
DIFT,Difteria,521930,Santa Helena de Goias,GO,2025,0
DIFT,Difteria,521930,Santa Helena de Goias,GO,2026,0
DIFT,Difteria,210350,Colinas,MA,2007,0
DIFT,Difteria,210350,Colinas,MA,2008,0
DIFT,Difteria,210350,Colinas,MA,2009,0
DIFT,Difteria,210350,Colinas,MA,2010,6
DIFT,Difteria,210350,Colinas,MA,2011,0
DIFT,Difteria,210350,Colinas,MA,2013,0
DIFT,Difteria,210350,Colinas,MA,2014,0
DIFT,Difteria,210350,Colinas,MA,2015,0
DIFT,Difteria,210350,Colinas,MA,2016,0
DIFT,Difteria,210350,Colinas,MA,2017,0
DIFT,Difteria,210350,Colinas,MA,2018,0
DIFT,Difteria,210350,Colinas,MA,2019,0
DIFT,Difteria,210350,Colinas,MA,2020,0
DIFT,Difteria,210350,Colinas,MA,2021,0
DIFT,Difteria,210350,Colinas,MA,2022,0
DIFT,Difteria,210350,Colinas,MA,2023,0
DIFT,Difteria,210350,Colinas,MA,2024,0
DIFT,Difteria,210350,Colinas,MA,2025,0
DIFT,Difteria,210350,Colinas,MA,2026,0
DIFT,Difteria,210545,Jatoba,MA,2007,0
DIFT,Difteria,210545,Jatoba,MA,2008,0
DIFT,Difteria,210545,Jatoba,MA,2009,0
DIFT,Difteria,210545,Jatoba,MA,2010,19
DIFT,Difteria,210545,Jatoba,MA,2011,0
DIFT,Difteria,210545,Jatoba,MA,2013,0
DIFT,Difteria,210545,Jatoba,MA,2014,0
DIFT,Difteria,210545,Jatoba,MA,2015,0
DIFT,Difteria,210545,Jatoba,MA,2016,0
DIFT,Difteria,210545,Jatoba,MA,2017,0
DIFT,Difteria,210545,Jatoba,MA,2018,0
DIFT,Difteria,210545,Jatoba,MA,2019,0
DIFT,Difteria,210545,Jatoba,MA,2020,0
DIFT,Difteria,210545,Jatoba,MA,2021,0
DIFT,Difteria,210545,Jatoba,MA,2022,0
DIFT,Difteria,210545,Jatoba,MA,2023,0
DIFT,Difteria,210545,Jatoba,MA,2024,0
DIFT,Difteria,210545,Jatoba,MA,2025,0
DIFT,Difteria,210545,Jatoba,MA,2026,0
DIFT,Difteria,211070,Sao Domingos do Maranhao,MA,2007,0
DIFT,Difteria,211070,Sao Domingos do Maranhao,MA,2008,0
DIFT,Difteria,211070,Sao Domingos do Maranhao,MA,2009,0
DIFT,Difteria,211070,Sao Domingos do Maranhao,MA,2010,3
DIFT,Difteria,211070,Sao Domingos do Maranhao,MA,2011,0
DIFT,Difteria,211070,Sao Domingos do Maranhao,MA,2013,0
DIFT,Difteria,211070,Sao Domingos do Maranhao,MA,2014,0
DIFT,Difteria,211070,Sao Domingos do Maranhao,MA,2015,0
DIFT,Difteria,211070,Sao Domingos do Maranhao,MA,2016,0
DIFT,Difteria,211070,Sao Domingos do Maranhao,MA,2017,0
DIFT,Difteria,211070,Sao Domingos do Maranhao,MA,2018,0
DIFT,Difteria,211070,Sao Domingos do Maranhao,MA,2019,0
DIFT,Difteria,211070,Sao Domingos do Maranhao,MA,2020,0
DIFT,Difteria,211070,Sao Domingos do Maranhao,MA,2021,0
DIFT,Difteria,211070,Sao Domingos do Maranhao,MA,2022,0
DIFT,Difteria,211070,Sao Domingos do Maranhao,MA,2023,0
DIFT,Difteria,211070,Sao Domingos do Maranhao,MA,2024,0
DIFT,Difteria,211070,Sao Domingos do Maranhao,MA,2025,0
DIFT,Difteria,211070,Sao Domingos do Maranhao,MA,2026,0
DIFT,Difteria,211130,Sao Luis,MA,2007,0
DIFT,Difteria,211130,Sao Luis,MA,2008,0
DIFT,Difteria,211130,Sao Luis,MA,2009,0
DIFT,Difteria,211130,Sao Luis,MA,2010,0
DIFT,Difteria,211130,Sao Luis,MA,2011,0
DIFT,Difteria,211130,Sao Luis,MA,2013,0
DIFT,Difteria,211130,Sao Luis,MA,2014,0
DIFT,Difteria,211130,Sao Luis,MA,2015,0
DIFT,Difteria,211130,Sao Luis,MA,2016,0
DIFT,Difteria,211130,Sao Luis,MA,2017,0
DIFT,Difteria,211130,Sao Luis,MA,2018,0
DIFT,Difteria,211130,Sao Luis,MA,2019,0
DIFT,Difteria,211130,Sao Luis,MA,2020,0
DIFT,Difteria,211130,Sao Luis,MA,2021,0
DIFT,Difteria,211130,Sao Luis,MA,2022,0
DIFT,Difteria,211130,Sao Luis,MA,2023,0
DIFT,Difteria,211130,Sao Luis,MA,2024,0
DIFT,Difteria,211130,Sao Luis,MA,2025,0
DIFT,Difteria,211130,Sao Luis,MA,2026,2
DIFT,Difteria,310620,Belo Horizonte,MG,2007,0
DIFT,Difteria,310620,Belo Horizonte,MG,2008,0
DIFT,Difteria,310620,Belo Horizonte,MG,2009,0
DIFT,Difteria,310620,Belo Horizonte,MG,2010,0
DIFT,Difteria,310620,Belo Horizonte,MG,2011,0
DIFT,Difteria,310620,Belo Horizonte,MG,2013,0
DIFT,Difteria,310620,Belo Horizonte,MG,2014,0
DIFT,Difteria,310620,Belo Horizonte,MG,2015,0
DIFT,Difteria,310620,Belo Horizonte,MG,2016,0
DIFT,Difteria,310620,Belo Horizonte,MG,2017,1
DIFT,Difteria,310620,Belo Horizonte,MG,2018,0
DIFT,Difteria,310620,Belo Horizonte,MG,2019,0
DIFT,Difteria,310620,Belo Horizonte,MG,2020,0
DIFT,Difteria,310620,Belo Horizonte,MG,2021,0
DIFT,Difteria,310620,Belo Horizonte,MG,2022,0
DIFT,Difteria,310620,Belo Horizonte,MG,2023,0
DIFT,Difteria,310620,Belo Horizonte,MG,2024,0
DIFT,Difteria,310620,Belo Horizonte,MG,2025,0
DIFT,Difteria,310620,Belo Horizonte,MG,2026,0
DIFT,Difteria,310670,Betim,MG,2007,0
DIFT,Difteria,310670,Betim,MG,2008,0
DIFT,Difteria,310670,Betim,MG,2009,0
DIFT,Difteria,310670,Betim,MG,2010,0
DIFT,Difteria,310670,Betim,MG,2011,0
DIFT,Difteria,310670,Betim,MG,2013,0
DIFT,Difteria,310670,Betim,MG,2014,0
DIFT,Difteria,310670,Betim,MG,2015,0
DIFT,Difteria,310670,Betim,MG,2016,0
DIFT,Difteria,310670,Betim,MG,2017,0
DIFT,Difteria,310670,Betim,MG,2018,0
DIFT,Difteria,310670,Betim,MG,2019,1
DIFT,Difteria,310670,Betim,MG,2020,0
DIFT,Difteria,310670,Betim,MG,2021,0
DIFT,Difteria,310670,Betim,MG,2022,0
DIFT,Difteria,310670,Betim,MG,2023,0
DIFT,Difteria,310670,Betim,MG,2024,0
DIFT,Difteria,310670,Betim,MG,2025,0
DIFT,Difteria,310670,Betim,MG,2026,0
DIFT,Difteria,316930,Tres Coracoes,MG,2007,0
DIFT,Difteria,316930,Tres Coracoes,MG,2008,0
DIFT,Difteria,316930,Tres Coracoes,MG,2009,0
DIFT,Difteria,316930,Tres Coracoes,MG,2010,0
DIFT,Difteria,316930,Tres Coracoes,MG,2011,0
DIFT,Difteria,316930,Tres Coracoes,MG,2013,0
DIFT,Difteria,316930,Tres Coracoes,MG,2014,0
DIFT,Difteria,316930,Tres Coracoes,MG,2015,0
DIFT,Difteria,316930,Tres Coracoes,MG,2016,0
DIFT,Difteria,316930,Tres Coracoes,MG,2017,1
DIFT,Difteria,316930,Tres Coracoes,MG,2018,0
DIFT,Difteria,316930,Tres Coracoes,MG,2019,0
DIFT,Difteria,316930,Tres Coracoes,MG,2020,0
DIFT,Difteria,316930,Tres Coracoes,MG,2021,0
DIFT,Difteria,316930,Tres Coracoes,MG,2022,0
DIFT,Difteria,316930,Tres Coracoes,MG,2023,0
DIFT,Difteria,316930,Tres Coracoes,MG,2024,0
DIFT,Difteria,316930,Tres Coracoes,MG,2025,0
DIFT,Difteria,316930,Tres Coracoes,MG,2026,0
DIFT,Difteria,317010,Uberaba,MG,2007,0
DIFT,Difteria,317010,Uberaba,MG,2008,0
DIFT,Difteria,317010,Uberaba,MG,2009,0
DIFT,Difteria,317010,Uberaba,MG,2010,1
DIFT,Difteria,317010,Uberaba,MG,2011,0
DIFT,Difteria,317010,Uberaba,MG,2013,0
DIFT,Difteria,317010,Uberaba,MG,2014,0
DIFT,Difteria,317010,Uberaba,MG,2015,0
DIFT,Difteria,317010,Uberaba,MG,2016,0
DIFT,Difteria,317010,Uberaba,MG,2017,0
DIFT,Difteria,317010,Uberaba,MG,2018,0
DIFT,Difteria,317010,Uberaba,MG,2019,0
DIFT,Difteria,317010,Uberaba,MG,2020,0
DIFT,Difteria,317010,Uberaba,MG,2021,0
DIFT,Difteria,317010,Uberaba,MG,2022,0
DIFT,Difteria,317010,Uberaba,MG,2023,0
DIFT,Difteria,317010,Uberaba,MG,2024,0
DIFT,Difteria,317010,Uberaba,MG,2025,0
DIFT,Difteria,317010,Uberaba,MG,2026,0
DIFT,Difteria,500270,Campo Grande,MS,2007,0
DIFT,Difteria,500270,Campo Grande,MS,2008,0
DIFT,Difteria,500270,Campo Grande,MS,2009,0
DIFT,Difteria,500270,Campo Grande,MS,2010,0
DIFT,Difteria,500270,Campo Grande,MS,2011,2
DIFT,Difteria,500270,Campo Grande,MS,2013,0
DIFT,Difteria,500270,Campo Grande,MS,2014,0
DIFT,Difteria,500270,Campo Grande,MS,2015,0
DIFT,Difteria,500270,Campo Grande,MS,2016,0
DIFT,Difteria,500270,Campo Grande,MS,2017,0
DIFT,Difteria,500270,Campo Grande,MS,2018,0
DIFT,Difteria,500270,Campo Grande,MS,2019,0
DIFT,Difteria,500270,Campo Grande,MS,2020,0
DIFT,Difteria,500270,Campo Grande,MS,2021,0
DIFT,Difteria,500270,Campo Grande,MS,2022,0
DIFT,Difteria,500270,Campo Grande,MS,2023,0
DIFT,Difteria,500270,Campo Grande,MS,2024,0
DIFT,Difteria,500270,Campo Grande,MS,2025,0
DIFT,Difteria,500270,Campo Grande,MS,2026,0
DIFT,Difteria,510025,Alta Floresta,MT,2007,0
DIFT,Difteria,510025,Alta Floresta,MT,2008,0
DIFT,Difteria,510025,Alta Floresta,MT,2009,0
DIFT,Difteria,510025,Alta Floresta,MT,2010,0
DIFT,Difteria,510025,Alta Floresta,MT,2011,0
DIFT,Difteria,510025,Alta Floresta,MT,2013,0
DIFT,Difteria,510025,Alta Floresta,MT,2014,0
DIFT,Difteria,510025,Alta Floresta,MT,2015,0
DIFT,Difteria,510025,Alta Floresta,MT,2016,0
DIFT,Difteria,510025,Alta Floresta,MT,2017,0
DIFT,Difteria,510025,Alta Floresta,MT,2018,0
DIFT,Difteria,510025,Alta Floresta,MT,2019,0
DIFT,Difteria,510025,Alta Floresta,MT,2020,0
DIFT,Difteria,510025,Alta Floresta,MT,2021,1
DIFT,Difteria,510025,Alta Floresta,MT,2022,0
DIFT,Difteria,510025,Alta Floresta,MT,2023,0
DIFT,Difteria,510025,Alta Floresta,MT,2024,0
DIFT,Difteria,510025,Alta Floresta,MT,2025,0
DIFT,Difteria,510025,Alta Floresta,MT,2026,0
DIFT,Difteria,510250,Caceres,MT,2007,0
DIFT,Difteria,510250,Caceres,MT,2008,0
DIFT,Difteria,510250,Caceres,MT,2009,0
DIFT,Difteria,510250,Caceres,MT,2010,0
DIFT,Difteria,510250,Caceres,MT,2011,0
DIFT,Difteria,510250,Caceres,MT,2013,0
DIFT,Difteria,510250,Caceres,MT,2014,0
DIFT,Difteria,510250,Caceres,MT,2015,0
DIFT,Difteria,510250,Caceres,MT,2016,1
DIFT,Difteria,510250,Caceres,MT,2017,0
DIFT,Difteria,510250,Caceres,MT,2018,0
DIFT,Difteria,510250,Caceres,MT,2019,0
DIFT,Difteria,510250,Caceres,MT,2020,0
DIFT,Difteria,510250,Caceres,MT,2021,0
DIFT,Difteria,510250,Caceres,MT,2022,0
DIFT,Difteria,510250,Caceres,MT,2023,0
DIFT,Difteria,510250,Caceres,MT,2024,0
DIFT,Difteria,510250,Caceres,MT,2025,0
DIFT,Difteria,510250,Caceres,MT,2026,0
DIFT,Difteria,510340,Cuiaba,MT,2007,0
DIFT,Difteria,510340,Cuiaba,MT,2008,0
DIFT,Difteria,510340,Cuiaba,MT,2009,0
DIFT,Difteria,510340,Cuiaba,MT,2010,0
DIFT,Difteria,510340,Cuiaba,MT,2011,1
DIFT,Difteria,510340,Cuiaba,MT,2013,0
DIFT,Difteria,510340,Cuiaba,MT,2014,0
DIFT,Difteria,510340,Cuiaba,MT,2015,0
DIFT,Difteria,510340,Cuiaba,MT,2016,0
DIFT,Difteria,510340,Cuiaba,MT,2017,0
DIFT,Difteria,510340,Cuiaba,MT,2018,0
DIFT,Difteria,510340,Cuiaba,MT,2019,0
DIFT,Difteria,510340,Cuiaba,MT,2020,0
DIFT,Difteria,510340,Cuiaba,MT,2021,0
DIFT,Difteria,510340,Cuiaba,MT,2022,0
DIFT,Difteria,510340,Cuiaba,MT,2023,0
DIFT,Difteria,510340,Cuiaba,MT,2024,0
DIFT,Difteria,510340,Cuiaba,MT,2025,0
DIFT,Difteria,510340,Cuiaba,MT,2026,0
DIFT,Difteria,150140,Belem,PA,2007,0
DIFT,Difteria,150140,Belem,PA,2008,1
DIFT,Difteria,150140,Belem,PA,2009,0
DIFT,Difteria,150140,Belem,PA,2010,0
DIFT,Difteria,150140,Belem,PA,2011,0
DIFT,Difteria,150140,Belem,PA,2013,0
DIFT,Difteria,150140,Belem,PA,2014,0
DIFT,Difteria,150140,Belem,PA,2015,0
DIFT,Difteria,150140,Belem,PA,2016,0
DIFT,Difteria,150140,Belem,PA,2017,0
DIFT,Difteria,150140,Belem,PA,2018,0
DIFT,Difteria,150140,Belem,PA,2019,0
DIFT,Difteria,150140,Belem,PA,2020,0
DIFT,Difteria,150140,Belem,PA,2021,0
DIFT,Difteria,150140,Belem,PA,2022,0
DIFT,Difteria,150140,Belem,PA,2023,0
DIFT,Difteria,150140,Belem,PA,2024,0
DIFT,Difteria,150140,Belem,PA,2025,0
DIFT,Difteria,150140,Belem,PA,2026,0
DIFT,Difteria,250400,Campina Grande,PB,2007,0
DIFT,Difteria,250400,Campina Grande,PB,2008,0
DIFT,Difteria,250400,Campina Grande,PB,2009,0
DIFT,Difteria,250400,Campina Grande,PB,2010,0
DIFT,Difteria,250400,Campina Grande,PB,2011,0
DIFT,Difteria,250400,Campina Grande,PB,2013,0
DIFT,Difteria,250400,Campina Grande,PB,2014,0
DIFT,Difteria,250400,Campina Grande,PB,2015,1
DIFT,Difteria,250400,Campina Grande,PB,2016,0
DIFT,Difteria,250400,Campina Grande,PB,2017,0
DIFT,Difteria,250400,Campina Grande,PB,2018,0
DIFT,Difteria,250400,Campina Grande,PB,2019,0
DIFT,Difteria,250400,Campina Grande,PB,2020,0
DIFT,Difteria,250400,Campina Grande,PB,2021,0
DIFT,Difteria,250400,Campina Grande,PB,2022,0
DIFT,Difteria,250400,Campina Grande,PB,2023,0
DIFT,Difteria,250400,Campina Grande,PB,2024,0
DIFT,Difteria,250400,Campina Grande,PB,2025,0
DIFT,Difteria,250400,Campina Grande,PB,2026,0
DIFT,Difteria,260450,Cha Grande,PE,2007,0
DIFT,Difteria,260450,Cha Grande,PE,2008,0
DIFT,Difteria,260450,Cha Grande,PE,2009,0
DIFT,Difteria,260450,Cha Grande,PE,2010,0
DIFT,Difteria,260450,Cha Grande,PE,2011,0
DIFT,Difteria,260450,Cha Grande,PE,2013,0
DIFT,Difteria,260450,Cha Grande,PE,2014,1
DIFT,Difteria,260450,Cha Grande,PE,2015,5
DIFT,Difteria,260450,Cha Grande,PE,2016,0
DIFT,Difteria,260450,Cha Grande,PE,2017,0
DIFT,Difteria,260450,Cha Grande,PE,2018,0
DIFT,Difteria,260450,Cha Grande,PE,2019,0
DIFT,Difteria,260450,Cha Grande,PE,2020,0
DIFT,Difteria,260450,Cha Grande,PE,2021,0
DIFT,Difteria,260450,Cha Grande,PE,2022,0
DIFT,Difteria,260450,Cha Grande,PE,2023,0
DIFT,Difteria,260450,Cha Grande,PE,2024,0
DIFT,Difteria,260450,Cha Grande,PE,2025,0
DIFT,Difteria,260450,Cha Grande,PE,2026,0
DIFT,Difteria,260790,Jaboatao Dos Guararapes,PE,2007,0
DIFT,Difteria,260790,Jaboatao Dos Guararapes,PE,2008,0
DIFT,Difteria,260790,Jaboatao Dos Guararapes,PE,2009,0
DIFT,Difteria,260790,Jaboatao Dos Guararapes,PE,2010,0
DIFT,Difteria,260790,Jaboatao Dos Guararapes,PE,2011,0
DIFT,Difteria,260790,Jaboatao Dos Guararapes,PE,2013,0
DIFT,Difteria,260790,Jaboatao Dos Guararapes,PE,2014,0
DIFT,Difteria,260790,Jaboatao Dos Guararapes,PE,2015,1
DIFT,Difteria,260790,Jaboatao Dos Guararapes,PE,2016,0
DIFT,Difteria,260790,Jaboatao Dos Guararapes,PE,2017,0
DIFT,Difteria,260790,Jaboatao Dos Guararapes,PE,2018,0
DIFT,Difteria,260790,Jaboatao Dos Guararapes,PE,2019,0
DIFT,Difteria,260790,Jaboatao Dos Guararapes,PE,2020,0
DIFT,Difteria,260790,Jaboatao Dos Guararapes,PE,2021,0
DIFT,Difteria,260790,Jaboatao Dos Guararapes,PE,2022,0
DIFT,Difteria,260790,Jaboatao Dos Guararapes,PE,2023,0
DIFT,Difteria,260790,Jaboatao Dos Guararapes,PE,2024,0
DIFT,Difteria,260790,Jaboatao Dos Guararapes,PE,2025,0
DIFT,Difteria,260790,Jaboatao Dos Guararapes,PE,2026,0
DIFT,Difteria,260960,Olinda,PE,2007,0
DIFT,Difteria,260960,Olinda,PE,2008,0
DIFT,Difteria,260960,Olinda,PE,2009,0
DIFT,Difteria,260960,Olinda,PE,2010,0
DIFT,Difteria,260960,Olinda,PE,2011,0
DIFT,Difteria,260960,Olinda,PE,2013,0
DIFT,Difteria,260960,Olinda,PE,2014,0
DIFT,Difteria,260960,Olinda,PE,2015,0
DIFT,Difteria,260960,Olinda,PE,2016,0
DIFT,Difteria,260960,Olinda,PE,2017,0
DIFT,Difteria,260960,Olinda,PE,2018,0
DIFT,Difteria,260960,Olinda,PE,2019,1
DIFT,Difteria,260960,Olinda,PE,2020,0
DIFT,Difteria,260960,Olinda,PE,2021,0
DIFT,Difteria,260960,Olinda,PE,2022,0
DIFT,Difteria,260960,Olinda,PE,2023,0
DIFT,Difteria,260960,Olinda,PE,2024,0
DIFT,Difteria,260960,Olinda,PE,2025,0
DIFT,Difteria,260960,Olinda,PE,2026,0
DIFT,Difteria,261160,Recife,PE,2007,1
DIFT,Difteria,261160,Recife,PE,2008,0
DIFT,Difteria,261160,Recife,PE,2009,0
DIFT,Difteria,261160,Recife,PE,2010,0
DIFT,Difteria,261160,Recife,PE,2011,0
DIFT,Difteria,261160,Recife,PE,2013,1
DIFT,Difteria,261160,Recife,PE,2014,0
DIFT,Difteria,261160,Recife,PE,2015,2
DIFT,Difteria,261160,Recife,PE,2016,1
DIFT,Difteria,261160,Recife,PE,2017,0
DIFT,Difteria,261160,Recife,PE,2018,1
DIFT,Difteria,261160,Recife,PE,2019,0
DIFT,Difteria,261160,Recife,PE,2020,0
DIFT,Difteria,261160,Recife,PE,2021,0
DIFT,Difteria,261160,Recife,PE,2022,0
DIFT,Difteria,261160,Recife,PE,2023,0
DIFT,Difteria,261160,Recife,PE,2024,0
DIFT,Difteria,261160,Recife,PE,2025,0
DIFT,Difteria,261160,Recife,PE,2026,0
DIFT,Difteria,261220,Salgueiro,PE,2007,0
DIFT,Difteria,261220,Salgueiro,PE,2008,0
DIFT,Difteria,261220,Salgueiro,PE,2009,0
DIFT,Difteria,261220,Salgueiro,PE,2010,0
DIFT,Difteria,261220,Salgueiro,PE,2011,0
DIFT,Difteria,261220,Salgueiro,PE,2013,0
DIFT,Difteria,261220,Salgueiro,PE,2014,0
DIFT,Difteria,261220,Salgueiro,PE,2015,3
DIFT,Difteria,261220,Salgueiro,PE,2016,0
DIFT,Difteria,261220,Salgueiro,PE,2017,0
DIFT,Difteria,261220,Salgueiro,PE,2018,0
DIFT,Difteria,261220,Salgueiro,PE,2019,0
DIFT,Difteria,261220,Salgueiro,PE,2020,0
DIFT,Difteria,261220,Salgueiro,PE,2021,0
DIFT,Difteria,261220,Salgueiro,PE,2022,0
DIFT,Difteria,261220,Salgueiro,PE,2023,0
DIFT,Difteria,261220,Salgueiro,PE,2024,0
DIFT,Difteria,261220,Salgueiro,PE,2025,0
DIFT,Difteria,261220,Salgueiro,PE,2026,0
DIFT,Difteria,220770,Parnaiba,PI,2007,0
DIFT,Difteria,220770,Parnaiba,PI,2008,0
DIFT,Difteria,220770,Parnaiba,PI,2009,0
DIFT,Difteria,220770,Parnaiba,PI,2010,0
DIFT,Difteria,220770,Parnaiba,PI,2011,0
DIFT,Difteria,220770,Parnaiba,PI,2013,0
DIFT,Difteria,220770,Parnaiba,PI,2014,0
DIFT,Difteria,220770,Parnaiba,PI,2015,0
DIFT,Difteria,220770,Parnaiba,PI,2016,0
DIFT,Difteria,220770,Parnaiba,PI,2017,0
DIFT,Difteria,220770,Parnaiba,PI,2018,0
DIFT,Difteria,220770,Parnaiba,PI,2019,0
DIFT,Difteria,220770,Parnaiba,PI,2020,0
DIFT,Difteria,220770,Parnaiba,PI,2021,0
DIFT,Difteria,220770,Parnaiba,PI,2022,0
DIFT,Difteria,220770,Parnaiba,PI,2023,0
DIFT,Difteria,220770,Parnaiba,PI,2024,0
DIFT,Difteria,220770,Parnaiba,PI,2025,0
DIFT,Difteria,220770,Parnaiba,PI,2026,1
DIFT,Difteria,410690,Curitiba,PR,2007,0
DIFT,Difteria,410690,Curitiba,PR,2008,0
DIFT,Difteria,410690,Curitiba,PR,2009,0
DIFT,Difteria,410690,Curitiba,PR,2010,0
DIFT,Difteria,410690,Curitiba,PR,2011,0
DIFT,Difteria,410690,Curitiba,PR,2013,0
DIFT,Difteria,410690,Curitiba,PR,2014,0
DIFT,Difteria,410690,Curitiba,PR,2015,0
DIFT,Difteria,410690,Curitiba,PR,2016,0
DIFT,Difteria,410690,Curitiba,PR,2017,0
DIFT,Difteria,410690,Curitiba,PR,2018,0
DIFT,Difteria,410690,Curitiba,PR,2019,0
DIFT,Difteria,410690,Curitiba,PR,2020,0
DIFT,Difteria,410690,Curitiba,PR,2021,0
DIFT,Difteria,410690,Curitiba,PR,2022,0
DIFT,Difteria,410690,Curitiba,PR,2023,0
DIFT,Difteria,410690,Curitiba,PR,2024,0
DIFT,Difteria,410690,Curitiba,PR,2025,1
DIFT,Difteria,410690,Curitiba,PR,2026,0
DIFT,Difteria,410840,Francisco Beltrao,PR,2007,0
DIFT,Difteria,410840,Francisco Beltrao,PR,2008,0
DIFT,Difteria,410840,Francisco Beltrao,PR,2009,0
DIFT,Difteria,410840,Francisco Beltrao,PR,2010,0
DIFT,Difteria,410840,Francisco Beltrao,PR,2011,0
DIFT,Difteria,410840,Francisco Beltrao,PR,2013,1
DIFT,Difteria,410840,Francisco Beltrao,PR,2014,0
DIFT,Difteria,410840,Francisco Beltrao,PR,2015,0
DIFT,Difteria,410840,Francisco Beltrao,PR,2016,0
DIFT,Difteria,410840,Francisco Beltrao,PR,2017,0
DIFT,Difteria,410840,Francisco Beltrao,PR,2018,0
DIFT,Difteria,410840,Francisco Beltrao,PR,2019,0
DIFT,Difteria,410840,Francisco Beltrao,PR,2020,0
DIFT,Difteria,410840,Francisco Beltrao,PR,2021,0
DIFT,Difteria,410840,Francisco Beltrao,PR,2022,0
DIFT,Difteria,410840,Francisco Beltrao,PR,2023,0
DIFT,Difteria,410840,Francisco Beltrao,PR,2024,0
DIFT,Difteria,410840,Francisco Beltrao,PR,2025,0
DIFT,Difteria,410840,Francisco Beltrao,PR,2026,0
DIFT,Difteria,411370,Londrina,PR,2007,0
DIFT,Difteria,411370,Londrina,PR,2008,0
DIFT,Difteria,411370,Londrina,PR,2009,2
DIFT,Difteria,411370,Londrina,PR,2010,0
DIFT,Difteria,411370,Londrina,PR,2011,1
DIFT,Difteria,411370,Londrina,PR,2013,0
DIFT,Difteria,411370,Londrina,PR,2014,0
DIFT,Difteria,411370,Londrina,PR,2015,0
DIFT,Difteria,411370,Londrina,PR,2016,0
DIFT,Difteria,411370,Londrina,PR,2017,0
DIFT,Difteria,411370,Londrina,PR,2018,0
DIFT,Difteria,411370,Londrina,PR,2019,0
DIFT,Difteria,411370,Londrina,PR,2020,0
DIFT,Difteria,411370,Londrina,PR,2021,0
DIFT,Difteria,411370,Londrina,PR,2022,0
DIFT,Difteria,411370,Londrina,PR,2023,0
DIFT,Difteria,411370,Londrina,PR,2024,0
DIFT,Difteria,411370,Londrina,PR,2025,0
DIFT,Difteria,411370,Londrina,PR,2026,0
DIFT,Difteria,330455,Rio de Janeiro,RJ,2007,0
DIFT,Difteria,330455,Rio de Janeiro,RJ,2008,1
DIFT,Difteria,330455,Rio de Janeiro,RJ,2009,1
DIFT,Difteria,330455,Rio de Janeiro,RJ,2010,0
DIFT,Difteria,330455,Rio de Janeiro,RJ,2011,0
DIFT,Difteria,330455,Rio de Janeiro,RJ,2013,0
DIFT,Difteria,330455,Rio de Janeiro,RJ,2014,0
DIFT,Difteria,330455,Rio de Janeiro,RJ,2015,2
DIFT,Difteria,330455,Rio de Janeiro,RJ,2016,0
DIFT,Difteria,330455,Rio de Janeiro,RJ,2017,0
DIFT,Difteria,330455,Rio de Janeiro,RJ,2018,0
DIFT,Difteria,330455,Rio de Janeiro,RJ,2019,0
DIFT,Difteria,330455,Rio de Janeiro,RJ,2020,0
DIFT,Difteria,330455,Rio de Janeiro,RJ,2021,0
DIFT,Difteria,330455,Rio de Janeiro,RJ,2022,0
DIFT,Difteria,330455,Rio de Janeiro,RJ,2023,0
DIFT,Difteria,330455,Rio de Janeiro,RJ,2024,0
DIFT,Difteria,330455,Rio de Janeiro,RJ,2025,0
DIFT,Difteria,330455,Rio de Janeiro,RJ,2026,0
DIFT,Difteria,240810,Natal,RN,2007,0
DIFT,Difteria,240810,Natal,RN,2008,2
DIFT,Difteria,240810,Natal,RN,2009,0
DIFT,Difteria,240810,Natal,RN,2010,0
DIFT,Difteria,240810,Natal,RN,2011,0
DIFT,Difteria,240810,Natal,RN,2013,0
DIFT,Difteria,240810,Natal,RN,2014,0
DIFT,Difteria,240810,Natal,RN,2015,0
DIFT,Difteria,240810,Natal,RN,2016,0
DIFT,Difteria,240810,Natal,RN,2017,0
DIFT,Difteria,240810,Natal,RN,2018,0
DIFT,Difteria,240810,Natal,RN,2019,0
DIFT,Difteria,240810,Natal,RN,2020,0
DIFT,Difteria,240810,Natal,RN,2021,0
DIFT,Difteria,240810,Natal,RN,2022,0
DIFT,Difteria,240810,Natal,RN,2023,0
DIFT,Difteria,240810,Natal,RN,2024,0
DIFT,Difteria,240810,Natal,RN,2025,0
DIFT,Difteria,240810,Natal,RN,2026,0
DIFT,Difteria,110004,Cacoal,RO,2007,0
DIFT,Difteria,110004,Cacoal,RO,2008,0
DIFT,Difteria,110004,Cacoal,RO,2009,0
DIFT,Difteria,110004,Cacoal,RO,2010,0
DIFT,Difteria,110004,Cacoal,RO,2011,0
DIFT,Difteria,110004,Cacoal,RO,2013,0
DIFT,Difteria,110004,Cacoal,RO,2014,0
DIFT,Difteria,110004,Cacoal,RO,2015,0
DIFT,Difteria,110004,Cacoal,RO,2016,1
DIFT,Difteria,110004,Cacoal,RO,2017,0
DIFT,Difteria,110004,Cacoal,RO,2018,0
DIFT,Difteria,110004,Cacoal,RO,2019,1
DIFT,Difteria,110004,Cacoal,RO,2020,0
DIFT,Difteria,110004,Cacoal,RO,2021,0
DIFT,Difteria,110004,Cacoal,RO,2022,0
DIFT,Difteria,110004,Cacoal,RO,2023,0
DIFT,Difteria,110004,Cacoal,RO,2024,0
DIFT,Difteria,110004,Cacoal,RO,2025,0
DIFT,Difteria,110004,Cacoal,RO,2026,0
DIFT,Difteria,110020,Porto Velho,RO,2007,0
DIFT,Difteria,110020,Porto Velho,RO,2008,0
DIFT,Difteria,110020,Porto Velho,RO,2009,0
DIFT,Difteria,110020,Porto Velho,RO,2010,0
DIFT,Difteria,110020,Porto Velho,RO,2011,0
DIFT,Difteria,110020,Porto Velho,RO,2013,0
DIFT,Difteria,110020,Porto Velho,RO,2014,0
DIFT,Difteria,110020,Porto Velho,RO,2015,0
DIFT,Difteria,110020,Porto Velho,RO,2016,0
DIFT,Difteria,110020,Porto Velho,RO,2017,0
DIFT,Difteria,110020,Porto Velho,RO,2018,0
DIFT,Difteria,110020,Porto Velho,RO,2019,0
DIFT,Difteria,110020,Porto Velho,RO,2020,0
DIFT,Difteria,110020,Porto Velho,RO,2021,0
DIFT,Difteria,110020,Porto Velho,RO,2022,0
DIFT,Difteria,110020,Porto Velho,RO,2023,0
DIFT,Difteria,110020,Porto Velho,RO,2024,1
DIFT,Difteria,110020,Porto Velho,RO,2025,0
DIFT,Difteria,110020,Porto Velho,RO,2026,0
DIFT,Difteria,110030,Vilhena,RO,2007,0
DIFT,Difteria,110030,Vilhena,RO,2008,1
DIFT,Difteria,110030,Vilhena,RO,2009,0
DIFT,Difteria,110030,Vilhena,RO,2010,0
DIFT,Difteria,110030,Vilhena,RO,2011,0
DIFT,Difteria,110030,Vilhena,RO,2013,0
DIFT,Difteria,110030,Vilhena,RO,2014,0
DIFT,Difteria,110030,Vilhena,RO,2015,0
DIFT,Difteria,110030,Vilhena,RO,2016,0
DIFT,Difteria,110030,Vilhena,RO,2017,0
DIFT,Difteria,110030,Vilhena,RO,2018,0
DIFT,Difteria,110030,Vilhena,RO,2019,0
DIFT,Difteria,110030,Vilhena,RO,2020,0
DIFT,Difteria,110030,Vilhena,RO,2021,0
DIFT,Difteria,110030,Vilhena,RO,2022,0
DIFT,Difteria,110030,Vilhena,RO,2023,0
DIFT,Difteria,110030,Vilhena,RO,2024,0
DIFT,Difteria,110030,Vilhena,RO,2025,0
DIFT,Difteria,110030,Vilhena,RO,2026,0
DIFT,Difteria,140010,Boa Vista,RR,2007,0
DIFT,Difteria,140010,Boa Vista,RR,2008,0
DIFT,Difteria,140010,Boa Vista,RR,2009,0
DIFT,Difteria,140010,Boa Vista,RR,2010,0
DIFT,Difteria,140010,Boa Vista,RR,2011,0
DIFT,Difteria,140010,Boa Vista,RR,2013,0
DIFT,Difteria,140010,Boa Vista,RR,2014,0
DIFT,Difteria,140010,Boa Vista,RR,2015,0
DIFT,Difteria,140010,Boa Vista,RR,2016,0
DIFT,Difteria,140010,Boa Vista,RR,2017,1
DIFT,Difteria,140010,Boa Vista,RR,2018,0
DIFT,Difteria,140010,Boa Vista,RR,2019,0
DIFT,Difteria,140010,Boa Vista,RR,2020,0
DIFT,Difteria,140010,Boa Vista,RR,2021,0
DIFT,Difteria,140010,Boa Vista,RR,2022,0
DIFT,Difteria,140010,Boa Vista,RR,2023,0
DIFT,Difteria,140010,Boa Vista,RR,2024,0
DIFT,Difteria,140010,Boa Vista,RR,2025,0
DIFT,Difteria,140010,Boa Vista,RR,2026,0
DIFT,Difteria,430350,Camaqua,RS,2007,0
DIFT,Difteria,430350,Camaqua,RS,2008,0
DIFT,Difteria,430350,Camaqua,RS,2009,0
DIFT,Difteria,430350,Camaqua,RS,2010,0
DIFT,Difteria,430350,Camaqua,RS,2011,0
DIFT,Difteria,430350,Camaqua,RS,2013,0
DIFT,Difteria,430350,Camaqua,RS,2014,0
DIFT,Difteria,430350,Camaqua,RS,2015,1
DIFT,Difteria,430350,Camaqua,RS,2016,0
DIFT,Difteria,430350,Camaqua,RS,2017,0
DIFT,Difteria,430350,Camaqua,RS,2018,0
DIFT,Difteria,430350,Camaqua,RS,2019,0
DIFT,Difteria,430350,Camaqua,RS,2020,0
DIFT,Difteria,430350,Camaqua,RS,2021,0
DIFT,Difteria,430350,Camaqua,RS,2022,0
DIFT,Difteria,430350,Camaqua,RS,2023,1
DIFT,Difteria,430350,Camaqua,RS,2024,0
DIFT,Difteria,430350,Camaqua,RS,2025,0
DIFT,Difteria,430350,Camaqua,RS,2026,0
DIFT,Difteria,430790,Farroupilha,RS,2007,0
DIFT,Difteria,430790,Farroupilha,RS,2008,0
DIFT,Difteria,430790,Farroupilha,RS,2009,1
DIFT,Difteria,430790,Farroupilha,RS,2010,0
DIFT,Difteria,430790,Farroupilha,RS,2011,0
DIFT,Difteria,430790,Farroupilha,RS,2013,0
DIFT,Difteria,430790,Farroupilha,RS,2014,0
DIFT,Difteria,430790,Farroupilha,RS,2015,0
DIFT,Difteria,430790,Farroupilha,RS,2016,0
DIFT,Difteria,430790,Farroupilha,RS,2017,0
DIFT,Difteria,430790,Farroupilha,RS,2018,0
DIFT,Difteria,430790,Farroupilha,RS,2019,0
DIFT,Difteria,430790,Farroupilha,RS,2020,0
DIFT,Difteria,430790,Farroupilha,RS,2021,0
DIFT,Difteria,430790,Farroupilha,RS,2022,0
DIFT,Difteria,430790,Farroupilha,RS,2023,0
DIFT,Difteria,430790,Farroupilha,RS,2024,0
DIFT,Difteria,430790,Farroupilha,RS,2025,0
DIFT,Difteria,430790,Farroupilha,RS,2026,0
DIFT,Difteria,430850,Frederico Westphalen,RS,2007,0
DIFT,Difteria,430850,Frederico Westphalen,RS,2008,0
DIFT,Difteria,430850,Frederico Westphalen,RS,2009,0
DIFT,Difteria,430850,Frederico Westphalen,RS,2010,0
DIFT,Difteria,430850,Frederico Westphalen,RS,2011,0
DIFT,Difteria,430850,Frederico Westphalen,RS,2013,0
DIFT,Difteria,430850,Frederico Westphalen,RS,2014,1
DIFT,Difteria,430850,Frederico Westphalen,RS,2015,0
DIFT,Difteria,430850,Frederico Westphalen,RS,2016,0
DIFT,Difteria,430850,Frederico Westphalen,RS,2017,0
DIFT,Difteria,430850,Frederico Westphalen,RS,2018,0
DIFT,Difteria,430850,Frederico Westphalen,RS,2019,0
DIFT,Difteria,430850,Frederico Westphalen,RS,2020,0
DIFT,Difteria,430850,Frederico Westphalen,RS,2021,0
DIFT,Difteria,430850,Frederico Westphalen,RS,2022,0
DIFT,Difteria,430850,Frederico Westphalen,RS,2023,0
DIFT,Difteria,430850,Frederico Westphalen,RS,2024,0
DIFT,Difteria,430850,Frederico Westphalen,RS,2025,0
DIFT,Difteria,430850,Frederico Westphalen,RS,2026,0
DIFT,Difteria,430920,Gravatai,RS,2007,0
DIFT,Difteria,430920,Gravatai,RS,2008,0
DIFT,Difteria,430920,Gravatai,RS,2009,0
DIFT,Difteria,430920,Gravatai,RS,2010,0
DIFT,Difteria,430920,Gravatai,RS,2011,0
DIFT,Difteria,430920,Gravatai,RS,2013,0
DIFT,Difteria,430920,Gravatai,RS,2014,0
DIFT,Difteria,430920,Gravatai,RS,2015,0
DIFT,Difteria,430920,Gravatai,RS,2016,1
DIFT,Difteria,430920,Gravatai,RS,2017,0
DIFT,Difteria,430920,Gravatai,RS,2018,0
DIFT,Difteria,430920,Gravatai,RS,2019,0
DIFT,Difteria,430920,Gravatai,RS,2020,0
DIFT,Difteria,430920,Gravatai,RS,2021,0
DIFT,Difteria,430920,Gravatai,RS,2022,0
DIFT,Difteria,430920,Gravatai,RS,2023,0
DIFT,Difteria,430920,Gravatai,RS,2024,0
DIFT,Difteria,430920,Gravatai,RS,2025,0
DIFT,Difteria,430920,Gravatai,RS,2026,0
DIFT,Difteria,431057,Itapuca,RS,2007,0
DIFT,Difteria,431057,Itapuca,RS,2008,0
DIFT,Difteria,431057,Itapuca,RS,2009,0
DIFT,Difteria,431057,Itapuca,RS,2010,0
DIFT,Difteria,431057,Itapuca,RS,2011,0
DIFT,Difteria,431057,Itapuca,RS,2013,1
DIFT,Difteria,431057,Itapuca,RS,2014,0
DIFT,Difteria,431057,Itapuca,RS,2015,0
DIFT,Difteria,431057,Itapuca,RS,2016,0
DIFT,Difteria,431057,Itapuca,RS,2017,0
DIFT,Difteria,431057,Itapuca,RS,2018,0
DIFT,Difteria,431057,Itapuca,RS,2019,0
DIFT,Difteria,431057,Itapuca,RS,2020,0
DIFT,Difteria,431057,Itapuca,RS,2021,0
DIFT,Difteria,431057,Itapuca,RS,2022,0
DIFT,Difteria,431057,Itapuca,RS,2023,0
DIFT,Difteria,431057,Itapuca,RS,2024,0
DIFT,Difteria,431057,Itapuca,RS,2025,0
DIFT,Difteria,431057,Itapuca,RS,2026,0
DIFT,Difteria,431110,Jaguari,RS,2007,0
DIFT,Difteria,431110,Jaguari,RS,2008,0
DIFT,Difteria,431110,Jaguari,RS,2009,0
DIFT,Difteria,431110,Jaguari,RS,2010,0
DIFT,Difteria,431110,Jaguari,RS,2011,0
DIFT,Difteria,431110,Jaguari,RS,2013,0
DIFT,Difteria,431110,Jaguari,RS,2014,0
DIFT,Difteria,431110,Jaguari,RS,2015,0
DIFT,Difteria,431110,Jaguari,RS,2016,0
DIFT,Difteria,431110,Jaguari,RS,2017,0
DIFT,Difteria,431110,Jaguari,RS,2018,0
DIFT,Difteria,431110,Jaguari,RS,2019,0
DIFT,Difteria,431110,Jaguari,RS,2020,0
DIFT,Difteria,431110,Jaguari,RS,2021,0
DIFT,Difteria,431110,Jaguari,RS,2022,0
DIFT,Difteria,431110,Jaguari,RS,2023,0
DIFT,Difteria,431110,Jaguari,RS,2024,0
DIFT,Difteria,431110,Jaguari,RS,2025,2
DIFT,Difteria,431110,Jaguari,RS,2026,0
DIFT,Difteria,431410,Passo Fundo,RS,2007,0
DIFT,Difteria,431410,Passo Fundo,RS,2008,0
DIFT,Difteria,431410,Passo Fundo,RS,2009,0
DIFT,Difteria,431410,Passo Fundo,RS,2010,1
DIFT,Difteria,431410,Passo Fundo,RS,2011,0
DIFT,Difteria,431410,Passo Fundo,RS,2013,0
DIFT,Difteria,431410,Passo Fundo,RS,2014,0
DIFT,Difteria,431410,Passo Fundo,RS,2015,0
DIFT,Difteria,431410,Passo Fundo,RS,2016,0
DIFT,Difteria,431410,Passo Fundo,RS,2017,0
DIFT,Difteria,431410,Passo Fundo,RS,2018,0
DIFT,Difteria,431410,Passo Fundo,RS,2019,0
DIFT,Difteria,431410,Passo Fundo,RS,2020,0
DIFT,Difteria,431410,Passo Fundo,RS,2021,0
DIFT,Difteria,431410,Passo Fundo,RS,2022,0
DIFT,Difteria,431410,Passo Fundo,RS,2023,0
DIFT,Difteria,431410,Passo Fundo,RS,2024,0
DIFT,Difteria,431410,Passo Fundo,RS,2025,0
DIFT,Difteria,431410,Passo Fundo,RS,2026,0
DIFT,Difteria,431480,Portao,RS,2007,0
DIFT,Difteria,431480,Portao,RS,2008,0
DIFT,Difteria,431480,Portao,RS,2009,0
DIFT,Difteria,431480,Portao,RS,2010,0
DIFT,Difteria,431480,Portao,RS,2011,0
DIFT,Difteria,431480,Portao,RS,2013,0
DIFT,Difteria,431480,Portao,RS,2014,0
DIFT,Difteria,431480,Portao,RS,2015,0
DIFT,Difteria,431480,Portao,RS,2016,0
DIFT,Difteria,431480,Portao,RS,2017,0
DIFT,Difteria,431480,Portao,RS,2018,0
DIFT,Difteria,431480,Portao,RS,2019,0
DIFT,Difteria,431480,Portao,RS,2020,0
DIFT,Difteria,431480,Portao,RS,2021,0
DIFT,Difteria,431480,Portao,RS,2022,0
DIFT,Difteria,431480,Portao,RS,2023,0
DIFT,Difteria,431480,Portao,RS,2024,0
DIFT,Difteria,431480,Portao,RS,2025,1
DIFT,Difteria,431480,Portao,RS,2026,0
DIFT,Difteria,432020,Seberi,RS,2007,1
DIFT,Difteria,432020,Seberi,RS,2008,0
DIFT,Difteria,432020,Seberi,RS,2009,1
DIFT,Difteria,432020,Seberi,RS,2010,0
DIFT,Difteria,432020,Seberi,RS,2011,0
DIFT,Difteria,432020,Seberi,RS,2013,0
DIFT,Difteria,432020,Seberi,RS,2014,0
DIFT,Difteria,432020,Seberi,RS,2015,0
DIFT,Difteria,432020,Seberi,RS,2016,0
DIFT,Difteria,432020,Seberi,RS,2017,0
DIFT,Difteria,432020,Seberi,RS,2018,0
DIFT,Difteria,432020,Seberi,RS,2019,0
DIFT,Difteria,432020,Seberi,RS,2020,0
DIFT,Difteria,432020,Seberi,RS,2021,0
DIFT,Difteria,432020,Seberi,RS,2022,0
DIFT,Difteria,432020,Seberi,RS,2023,0
DIFT,Difteria,432020,Seberi,RS,2024,0
DIFT,Difteria,432020,Seberi,RS,2025,0
DIFT,Difteria,432020,Seberi,RS,2026,0
DIFT,Difteria,432240,Uruguaiana,RS,2007,0
DIFT,Difteria,432240,Uruguaiana,RS,2008,0
DIFT,Difteria,432240,Uruguaiana,RS,2009,0
DIFT,Difteria,432240,Uruguaiana,RS,2010,0
DIFT,Difteria,432240,Uruguaiana,RS,2011,0
DIFT,Difteria,432240,Uruguaiana,RS,2013,0
DIFT,Difteria,432240,Uruguaiana,RS,2014,0
DIFT,Difteria,432240,Uruguaiana,RS,2015,0
DIFT,Difteria,432240,Uruguaiana,RS,2016,0
DIFT,Difteria,432240,Uruguaiana,RS,2017,0
DIFT,Difteria,432240,Uruguaiana,RS,2018,0
DIFT,Difteria,432240,Uruguaiana,RS,2019,0
DIFT,Difteria,432240,Uruguaiana,RS,2020,1
DIFT,Difteria,432240,Uruguaiana,RS,2021,0
DIFT,Difteria,432240,Uruguaiana,RS,2022,0
DIFT,Difteria,432240,Uruguaiana,RS,2023,0
DIFT,Difteria,432240,Uruguaiana,RS,2024,0
DIFT,Difteria,432240,Uruguaiana,RS,2025,0
DIFT,Difteria,432240,Uruguaiana,RS,2026,0
DIFT,Difteria,421870,Tubarao,SC,2007,0
DIFT,Difteria,421870,Tubarao,SC,2008,2
DIFT,Difteria,421870,Tubarao,SC,2009,0
DIFT,Difteria,421870,Tubarao,SC,2010,0
DIFT,Difteria,421870,Tubarao,SC,2011,1
DIFT,Difteria,421870,Tubarao,SC,2013,0
DIFT,Difteria,421870,Tubarao,SC,2014,0
DIFT,Difteria,421870,Tubarao,SC,2015,0
DIFT,Difteria,421870,Tubarao,SC,2016,0
DIFT,Difteria,421870,Tubarao,SC,2017,0
DIFT,Difteria,421870,Tubarao,SC,2018,0
DIFT,Difteria,421870,Tubarao,SC,2019,0
DIFT,Difteria,421870,Tubarao,SC,2020,0
DIFT,Difteria,421870,Tubarao,SC,2021,0
DIFT,Difteria,421870,Tubarao,SC,2022,0
DIFT,Difteria,421870,Tubarao,SC,2023,0
DIFT,Difteria,421870,Tubarao,SC,2024,0
DIFT,Difteria,421870,Tubarao,SC,2025,0
DIFT,Difteria,421870,Tubarao,SC,2026,0
DIFT,Difteria,350950,Campinas,SP,2007,0
DIFT,Difteria,350950,Campinas,SP,2008,0
DIFT,Difteria,350950,Campinas,SP,2009,0
DIFT,Difteria,350950,Campinas,SP,2010,0
DIFT,Difteria,350950,Campinas,SP,2011,0
DIFT,Difteria,350950,Campinas,SP,2013,0
DIFT,Difteria,350950,Campinas,SP,2014,0
DIFT,Difteria,350950,Campinas,SP,2015,0
DIFT,Difteria,350950,Campinas,SP,2016,0
DIFT,Difteria,350950,Campinas,SP,2017,0
DIFT,Difteria,350950,Campinas,SP,2018,0
DIFT,Difteria,350950,Campinas,SP,2019,0
DIFT,Difteria,350950,Campinas,SP,2020,0
DIFT,Difteria,350950,Campinas,SP,2021,0
DIFT,Difteria,350950,Campinas,SP,2022,0
DIFT,Difteria,350950,Campinas,SP,2023,0
DIFT,Difteria,350950,Campinas,SP,2024,1
DIFT,Difteria,350950,Campinas,SP,2025,0
DIFT,Difteria,350950,Campinas,SP,2026,0
DIFT,Difteria,354340,Ribeirao Preto,SP,2007,0
DIFT,Difteria,354340,Ribeirao Preto,SP,2008,0
DIFT,Difteria,354340,Ribeirao Preto,SP,2009,0
DIFT,Difteria,354340,Ribeirao Preto,SP,2010,0
DIFT,Difteria,354340,Ribeirao Preto,SP,2011,0
DIFT,Difteria,354340,Ribeirao Preto,SP,2013,0
DIFT,Difteria,354340,Ribeirao Preto,SP,2014,0
DIFT,Difteria,354340,Ribeirao Preto,SP,2015,0
DIFT,Difteria,354340,Ribeirao Preto,SP,2016,0
DIFT,Difteria,354340,Ribeirao Preto,SP,2017,0
DIFT,Difteria,354340,Ribeirao Preto,SP,2018,0
DIFT,Difteria,354340,Ribeirao Preto,SP,2019,0
DIFT,Difteria,354340,Ribeirao Preto,SP,2020,0
DIFT,Difteria,354340,Ribeirao Preto,SP,2021,0
DIFT,Difteria,354340,Ribeirao Preto,SP,2022,0
DIFT,Difteria,354340,Ribeirao Preto,SP,2023,0
DIFT,Difteria,354340,Ribeirao Preto,SP,2024,1
DIFT,Difteria,354340,Ribeirao Preto,SP,2025,0
DIFT,Difteria,354340,Ribeirao Preto,SP,2026,0
DIFT,Difteria,354880,Sao Caetano do Sul,SP,2007,0
DIFT,Difteria,354880,Sao Caetano do Sul,SP,2008,0
DIFT,Difteria,354880,Sao Caetano do Sul,SP,2009,0
DIFT,Difteria,354880,Sao Caetano do Sul,SP,2010,0
DIFT,Difteria,354880,Sao Caetano do Sul,SP,2011,0
DIFT,Difteria,354880,Sao Caetano do Sul,SP,2013,0
DIFT,Difteria,354880,Sao Caetano do Sul,SP,2014,0
DIFT,Difteria,354880,Sao Caetano do Sul,SP,2015,0
DIFT,Difteria,354880,Sao Caetano do Sul,SP,2016,0
DIFT,Difteria,354880,Sao Caetano do Sul,SP,2017,0
DIFT,Difteria,354880,Sao Caetano do Sul,SP,2018,0
DIFT,Difteria,354880,Sao Caetano do Sul,SP,2019,1
DIFT,Difteria,354880,Sao Caetano do Sul,SP,2020,0
DIFT,Difteria,354880,Sao Caetano do Sul,SP,2021,0
DIFT,Difteria,354880,Sao Caetano do Sul,SP,2022,0
DIFT,Difteria,354880,Sao Caetano do Sul,SP,2023,0
DIFT,Difteria,354880,Sao Caetano do Sul,SP,2024,0
DIFT,Difteria,354880,Sao Caetano do Sul,SP,2025,0
DIFT,Difteria,354880,Sao Caetano do Sul,SP,2026,0
DIFT,Difteria,355030,Sao Paulo,SP,2007,0
DIFT,Difteria,355030,Sao Paulo,SP,2008,0
DIFT,Difteria,355030,Sao Paulo,SP,2009,0
DIFT,Difteria,355030,Sao Paulo,SP,2010,0
DIFT,Difteria,355030,Sao Paulo,SP,2011,0
DIFT,Difteria,355030,Sao Paulo,SP,2013,2
DIFT,Difteria,355030,Sao Paulo,SP,2014,2
DIFT,Difteria,355030,Sao Paulo,SP,2015,0
DIFT,Difteria,355030,Sao Paulo,SP,2016,0
DIFT,Difteria,355030,Sao Paulo,SP,2017,1
DIFT,Difteria,355030,Sao Paulo,SP,2018,0
DIFT,Difteria,355030,Sao Paulo,SP,2019,0
DIFT,Difteria,355030,Sao Paulo,SP,2020,0
DIFT,Difteria,355030,Sao Paulo,SP,2021,0
DIFT,Difteria,355030,Sao Paulo,SP,2022,1
DIFT,Difteria,355030,Sao Paulo,SP,2023,3
DIFT,Difteria,355030,Sao Paulo,SP,2024,4
DIFT,Difteria,355030,Sao Paulo,SP,2025,0
DIFT,Difteria,355030,Sao Paulo,SP,2026,0
